venue,url,type,audience,whyValuable,approach,rulesCaveat
r/realestateinvesting,https://www.reddit.com/r/realestateinvesting/,Reddit,"national RE investors, many doing out-of-state/multifamily DD","Investors constantly ask 'how do I check violations/liens before I buy' (themes 2, 3, 7) and out-of-state DD (theme 10). High-intent, indexed by Google + AI search.","Build karma, answer NYC DD questions with genuinely useful step-by-steps citing city sources, mention the tool only where rules allow; link in profile. Occasionally post a free NYC DD checklist that soft-links the tool.","Strict anti-self-promo; no link drops. Value-first, use profile link and the 90/10 rule, or contact mods about an AMA."
r/RealEstate,https://www.reddit.com/r/RealEstate/,Reddit,"buyers, sellers, agents (broad)","Volume of NYC buyer questions on co-op boards, C of O, closing delays (theme 9) and overpaying (theme 6). Strong SEO/AI-citation surface.",Answer NYC-specific threads; share data-backed insights; profile link. Avoid overt promotion.,Promotional posts removed; agents/vendors tolerated only when adding clear value.
r/NYCapartments + r/AskNYC + r/nyc,https://www.reddit.com/r/NYCapartments/,Reddit,"NYC renters, buyers, small investors","Hyperlocal questions on STR-banned buildings (14.2), illegal conversions (7.3), stabilization (4.1). Exact-geo intent.","Answer with city-data how-tos; reference tool in profile. r/nyc is sensitive to self-promo, lead with utility.","r/nyc and r/AskNYC are very anti-promo; stick to helpful answers, no links in-thread."
BiggerPockets — New York/NYC forum & local meetups,https://www.biggerpockets.com/forums/521-new-york-city-real-estate-forum,forum / community,"active RE investors (buy-and-hold, multifamily, BRRRR, wholesalers)",The CSV already shows BP threads on rent-stabilized multifamily (4.5) and 1031 overpaying (11.2). Dedicated NYC subforum where your exact buyers ask DD questions. High distribution + backlink value.,"Create a credible profile, answer NYC threads on stabilization/violations/1031, publish a free 'NYC pre-offer DD' resource, and use BP's company/vendor tools where permitted. Sponsor or present at a BP NYC meetup.",BP forbids forum self-promo; vendors must use Featured/marketplace or contribute genuine value. Read their promotion policy first.
BiggerPockets blog / podcast guest pitch,https://www.biggerpockets.com/blog,how-to blog / podcast,national investor audience,Authoritative backlink + brand exposure; ties to DD-compression and out-of-state investing themes.,Pitch a guest article ('NYC due diligence before you offer') or a podcast segment on AI-assisted DD. Earns a high-DA backlink.,"Editorial approval required; must be educational, not a sales pitch."
CHIP — Community Housing Improvement Program,https://www.chipnyc.org/,landlord association,NYC owners of rent-stabilized/multifamily buildings,"Directly tied to themes 4 & 5 (stabilization, value collapse, carrying costs). Members are exactly who needs pre-offer/portfolio DD and stabilization-signal checks.","Explore membership, sponsorship, a member-newsletter feature, or a lunch-and-learn demo. Position as honest stabilization-signal screening, not appraisal.","B2B association; pursue via partnership/sponsorship, not spam. They are advocacy-focused, frame as a member benefit."
RSA — Rent Stabilization Association (rsanyc.org),https://www.rsanyc.net/,landlord association,"~25,000 NYC property owners","Largest owner association; members face stabilization, violations, liens, insurance (themes 2,4,5,7). Massive concentrated audience.","Sponsor, advertise in member communications, or run an educational webinar on data-driven DD. Seek a referral/affinity arrangement.",Vendor access via paid sponsorship/partnership; not a self-post venue.
LinkedIn — NYC real estate investor & CRE groups + your own posts,https://www.linkedin.com/,community / social,"brokers, investors, attorneys, title/insurance pros",Professional audience for all themes; strong for B2B reach to attorneys/brokers and for thought-leadership that AI engines cite.,"Post weekly NYC-data insights ('what one query surfaced on a Bushwick multifamily'), publish LinkedIn articles, engage in CRE/investor groups. Run targeted LinkedIn ads to NYC RE titles.",Group rules vary; many ban overt promo. Lead with insight; use your company page + ads for direct promotion.
NYC real estate investor meetups (Meetup.com),https://www.meetup.com/find/?keywords=nyc%20real%20estate%20investing,meetup / community,"local active investors, wholesalers, flippers","In-person high-intent buyers facing DD, distressed-acquisition (theme 12), wholesaling (12.7-12.9). Trust-building + word of mouth.","Attend, then sponsor or give a 10-minute 'live NYC DD in one query' demo. Offer attendees a free trial.",Organizer permission needed to present/sponsor; respect no-pitch norms at some groups.
NYREIA / local NYC REIA chapters,https://www.nyreia.com/,investor association,organized local investor clubs,"Members do active acquisitions and need fast DD; aligns with themes 3, 7, 11, 12.","Become a vendor sponsor, present at a meeting, offer member discount.",Pay-to-present/sponsor model; verify chapter is active and reputable.
"NYC RE / landlord Facebook Groups (e.g., 'NYC Real Estate Investors', 'New York Landlords')",https://www.facebook.com/groups/,Facebook group,"small landlords, investors, wholesalers","Daily questions on violations, evictions, stabilization (themes 2,4,7,8). Highly engaged niche communities.","Join, answer questions helpfully, share a free DD checklist; ask admins about a pinned partner post or paid mention.",Most ban promo; get admin approval. Many groups allow vendors only on designated promo days.
"REI / RE investor Discord & Slack communities (e.g., investor Discords, CRE Slack groups)",https://disboard.org/search?keyword=real%20estate%20investing,Discord / Slack,"younger, tech-forward investors and wholesalers","Tech-savvy audience receptive to an AI/MCP tool; active DD and deal-analysis channels (themes 6, 11, 12).","Join, contribute, get a #tools or #resources mention; some communities have a partner/sponsor tier or AMA slots.",Each server sets rules; ask mods before linking. AI-tool angle resonates here.
The Real Deal — advertising/sponsored content,https://therealdeal.com/advertise/,news / advertising,"NYC CRE pros, investors, brokers",Premier NYC RE trade outlet (also in your source list as PR target); paid reach to your core investor/broker audience plus authoritative backlink.,"Buy a sponsored post or newsletter placement, or pitch a data-story for earned coverage. Tie to distressed/foreclosure or stabilization data trends.",Paid placements must be labeled sponsored; editorial coverage requires a genuine news/data hook.
Crain's New York & Brick Underground — newsletter sponsorship,https://www.brickunderground.com/,news / newsletter,"NYC owners, buyers, investors","Both are in your source list covering many pain points; their newsletters reach engaged NYC RE readers (themes 4,5,6,9).",Sponsor a newsletter section or commission sponsored content; pair with a data-story PR pitch for earned links.,Sponsored content is labeled; keep claims to due-diligence (not appraisal/legal).
"1031 Qualified-Intermediary partner network (IPX1031, 1031 Specialists, Deferred.com)",https://www.1031specialists.com/,referral partner network,1031 investors under 45/180-day DD compression,"Theme 11 is your sharpest wedge: forced DD compression makes a fast 'one AI query' invaluable. QIs have a captive, time-pressured, high-ticket audience.",Set up co-marketing/referral deals: QIs recommend your tool to exchangers; you co-publish 'do not skip lien/violation/stabilization checks under the clock.',"B2B partnership, formalize referral terms; QIs avoid endorsing anything resembling legal/tax advice, so keep positioning as data DD."
"NYC foreclosure/auction investor communities (PropertyShark foreclosure reports' audience, 72sold-style auction lists, NYC auction watch groups)",https://www.nyc.gov/site/finance/property/property-tax-lien-sale.page,auction / distressed community,auction & distressed-asset buyers,"Theme 12: auction buyers buy sight-unseen and need surviving-lien/occupant checks fast. Acute pain, clear value.","Engage in auction-investor forums/groups, offer a 'pre-bid DD' workflow, partner with auction-list providers to bundle a DD discount.","Vet groups for legitimacy; many are closed/paid. Approach as a partner offering pre-bid screening, not a title-search replacement."
"Foreign-buyer / international-investor channels (Brevitas, immigrant-investor forums, ethnic broker networks)",https://brevitas.com/,community / marketplace,out-of-state and foreign NYC investors,"Theme 10: remote buyers can't read fragmented NYC records from afar, your remote-DD value is highest here. FIRPTA/POA/sight-unseen pain.","List/partner on CRE marketplaces, sponsor foreign-buyer newsletters, partner with attorneys serving foreign buyers (Sishodia, Moshes) for referrals.","Marketplace listing rules apply; keep claims to data DD, avoid tax/legal advice (defer to their attorney/CPA)."
"X/Twitter RE & PropTech communities (#CRE, #NYCRealEstate, FinTwit RE)",https://twitter.com/,social / community,"investors, brokers, PropTech builders, journalists","Fast distribution of data-story threads (e.g., 'I checked 50 Bushwick buildings, here's the violation pattern') that journalists and AI engines pick up; supports all themes.","Post recurring data-insight threads with screenshots, engage RE journalists for PR, run a free public lookup demo.",Low formal restriction; avoid overclaiming and always caveat data-vintage to protect trust.
Indie Hackers / Product Hunt / Hacker News (Show HN) launch,https://www.producthunt.com/,community / launch platform,"tech-savvy early adopters, builders, some investors","Per your launch checklist a Show HN is planned; an AI/MCP NYC-data tool fits HN/PH well, drives initial users, backlinks, and AI-index coverage.",Coordinated launch: Show HN post + Product Hunt listing emphasizing the honest data-limits/AI-query angle; engage every comment.,"HN penalizes marketing language, post authentically as the maker, no upvote rings; PH has launch-day timing rules."
